insert into Policies (id, name, sort) values ('UNIVERSITY', 'Default University Policy', 1);
insert into Policies (id, name, sort) values ('AHRC', 'AHRC retention policy', 2);
insert into Policies (id, name, sort) values ('BBSRC', 'BBSRC retention policy', 3);
insert into Policies (id, name, sort) values ('EPSRC', 'EPSRC retention policy', 4);
insert into Policies (id, name, sort) values ('ESRC', 'ESRC retention policy', 5);
insert into Policies (id, name, sort) values ('MRC', 'MRC retention policy', 6);
insert into Policies (id, name, sort) values ('NERC', 'NERC retention policy', 7);
insert into Policies (id, name, sort) values ('STFC', 'STFC retention policy', 8);
insert into Policies (id, name, sort) values ('WELLCOME', 'Wellcome Trust retention policy', 9);

insert into Users (id, name) values ('USER1', 'Test user 1');
insert into Users (id, name) values ('USER2', 'Test user 2');
insert into Users (id, name) values ('USER3', 'Test user 3');
insert into Users (id, name) values ('USER4', 'Test user 4');
insert into Users (id, name) values ('USER5', 'Test user 5');
insert into Users (id, name) values ('USER6', 'Test user 6');
insert into Users (id, name) values ('USER7', 'Test user 7');
insert into Users (id, name) values ('USER8', 'Test user 8');
insert into Users (id, name) values ('USER9', 'Test user 9');
insert into Users (id, name) values ('USER10', 'Test user 10');
insert into Users (id, name) values ('USER11', 'Test user 11');
insert into Users (id, name) values ('USER12', 'Test user 12');
insert into Users (id, name) values ('USER13', 'Test user 13');
insert into Users (id, name) values ('USER14', 'Test user 14');
insert into Users (id, name) values ('USER15', 'Test user 15');
insert into Users (id, name) values ('USER16', 'Test user 16');
insert into Users (id, name) values ('USER17', 'Test user 17');
insert into Users (id, name) values ('USER18', 'Test user 18');
insert into Users (id, name) values ('USER19', 'Test user 19');
insert into Users (id, name) values ('USER20', 'Test user 20');
insert into Users (id, name) values ('USER21', 'Test user 21');
insert into Users (id, name) values ('USER22', 'Test user 22');
insert into Users (id, name) values ('USER23', 'Test user 23');
insert into Users (id, name) values ('USER24', 'Test user 24');
insert into Users (id, name) values ('USER25', 'Test user 25');
insert into Users (id, name) values ('USER26', 'Test user 26');
insert into Users (id, name) values ('USER27', 'Test user 27');
insert into Users (id, name) values ('USER28', 'Test user 28');
insert into Users (id, name) values ('USER29', 'Test user 29');
insert into Users (id, name) values ('USER30', 'Test user 30');

insert into Groups (id, name) values ('CHSS', 'Humanities and Social Science');
insert into Groups (id, name) values ('CSE', 'Science and Engineering');
insert into Groups (id, name) values ('CMVM', 'Medicine and Veterinary Medicine');

insert into GroupOwners (group_id, user_id) values ('CHSS', 'USER1');
insert into GroupOwners (group_id, user_id) values ('CSE', 'USER1');
insert into GroupOwners (group_id, user_id) values ('CMVM', 'USER1');
insert into GroupOwners (group_id, user_id) values ('CHSS', 'USER2');
insert into GroupOwners (group_id, user_id) values ('CSE', 'USER3');
insert into GroupOwners (group_id, user_id) values ('CMVM', 'USER4');
